ROUTE,POI0,POI1,POI2,POI3,POI4,POI5,POI6,POI7,POI8,POI9,POI10,COST
00536274198A,0,5,3,6,2,7,4,1,9,8,10,50442
00534267891A,0,5,3,4,2,6,7,8,9,1,10,50533
00431652798A,0,4,3,1,6,5,2,7,9,8,10,50613
0035412768A9,0,3,5,4,1,2,7,6,8,10,9,50632
00354176928A,0,3,5,4,1,7,6,9,2,8,10,50635
0035627418A9,0,3,5,6,2,7,4,1,8,10,9,50647
0054673289A1,0,5,4,6,7,3,2,8,9,10,1,50690
0051426739A8,0,5,1,4,2,6,7,3,9,10,8,50694
00453761892A,0,4,5,3,7,6,1,8,9,2,10,50711
00532478961A,0,5,3,2,4,7,8,9,6,1,10,50721
00426735918A,0,4,2,6,7,3,5,9,1,8,10,50770
00436578912A,0,4,3,6,5,7,8,9,1,2,10,50798
0054236718A9,0,5,4,2,3,6,7,1,8,10,9,50816
00534678921A,0,5,3,4,6,7,8,9,2,1,10,50860
00546328791A,0,5,4,6,3,2,8,7,9,1,10,50862
00526378941A,0,5,2,6,3,7,8,9,4,1,10,50864
00563472198A,0,5,6,3,4,7,2,1,9,8,10,50890
00354628917A,0,3,5,4,6,2,8,9,1,7,10,50895
00536427981A,0,5,3,6,4,2,7,9,8,1,10,50897
00531462879A,0,5,3,1,4,6,2,8,7,9,10,50904
0053467812A9,0,5,3,4,6,7,8,1,2,10,9,50920
0035142789A6,0,3,5,1,4,2,7,8,9,10,6,50929
00463725891A,0,4,6,3,7,2,5,8,9,1,10,50952
0035468279A1,0,3,5,4,6,8,2,7,9,10,1,50960
00326571498A,0,3,2,6,5,7,1,4,9,8,10,50982
00254681379A,0,2,5,4,6,8,1,3,7,9,10,50985
00451376298A,0,4,5,1,3,7,6,2,9,8,10,50993
00241635897A,0,2,4,1,6,3,5,8,9,7,10,51071
00451376982A,0,4,5,1,3,7,6,9,8,2,10,51074
00542678391A,0,5,4,2,6,7,8,3,9,1,10,51075
00543617892A,0,5,4,3,6,1,7,8,9,2,10,51078
00253671894A,0,2,5,3,6,7,1,8,9,4,10,51081
0025674381A9,0,2,5,6,7,4,3,8,1,10,9,51087
0054632871A9,0,5,4,6,3,2,8,7,1,10,9,51092
00153246789A,0,1,5,3,2,4,6,7,8,9,10,51133
00456378129A,0,4,5,6,3,7,8,1,2,9,10,51137
0032657498A1,0,3,2,6,5,7,4,9,8,10,1,51138
0042576389A1,0,4,2,5,7,6,3,8,9,10,1,51145
00146578392A,0,1,4,6,5,7,8,3,9,2,10,51154
00356742189A,0,3,5,6,7,4,2,1,8,9,10,51163
00543678219A,0,5,4,3,6,7,8,2,1,9,10,51164
00451628793A,0,4,5,1,6,2,8,7,9,3,10,51172
0041367582A9,0,4,1,3,6,7,5,8,2,10,9,51173
00243615879A,0,2,4,3,6,1,5,8,7,9,10,51174
0043216578A9,0,4,3,2,1,6,5,7,8,10,9,51181
0034267895A1,0,3,4,2,6,7,8,9,5,10,1,51227
0032657894A1,0,3,2,6,5,7,8,9,4,10,1,51230
00453762981A,0,4,5,3,7,6,2,9,8,1,10,51242
00531672894A,0,5,3,1,6,7,2,8,9,4,10,51250
00542736918A,0,5,4,2,7,3,6,9,1,8,10,51251
00453728691A,0,4,5,3,7,2,8,6,9,1,10,51255
00452316798A,0,4,5,2,3,1,6,7,9,8,10,51260
0034627581A9,0,3,4,6,2,7,5,8,1,10,9,51262
00312475698A,0,3,1,2,4,7,5,6,9,8,10,51262
0045362817A9,0,4,5,3,6,2,8,1,7,10,9,51277
0045637298A1,0,4,5,6,3,7,2,9,8,10,1,51317
0045623879A1,0,4,5,6,2,3,8,7,9,10,1,51317
0035624897A1,0,3,5,6,2,4,8,9,7,10,1,51320
00342675189A,0,3,4,2,6,7,5,1,8,9,10,51333
00345271896A,0,3,4,5,2,7,1,8,9,6,10,51335
00345672891A,0,3,4,5,6,7,2,8,9,1,10,51338
00326571894A,0,3,2,6,5,7,1,8,9,4,10,51350
0054637281A9,0,5,4,6,3,7,2,8,1,10,9,51352
00536472981A,0,5,3,6,4,7,2,9,8,1,10,51353
0043567128A9,0,4,3,5,6,7,1,2,8,10,9,51355
0046327185A9,0,4,6,3,2,7,1,8,5,10,9,51365
00356487921A,0,3,5,6,4,8,7,9,2,1,10,51400
00246573198A,0,2,4,6,5,7,3,1,9,8,10,51402
00534672891A,0,5,3,4,6,7,2,8,9,1,10,51405
0034517689A2,0,3,4,5,1,7,6,8,9,10,2,51406
0034657298A1,0,3,4,6,5,7,2,9,8,10,1,51407
0054372691A8,0,5,4,3,7,2,6,9,1,10,8,51409
00246357819A,0,2,4,6,3,5,7,8,1,9,10,51421
00543627189A,0,5,4,3,6,2,7,1,8,9,10,51428
00326517489A,0,3,2,6,5,1,7,4,8,9,10,51430
00345617892A,0,3,4,5,6,1,7,8,9,2,10,51433
00456132897A,0,4,5,6,1,3,2,8,9,7,10,51439
00245173896A,0,2,4,5,1,7,3,8,9,6,10,51444
00254673981A,0,2,5,4,6,7,3,9,8,1,10,51490
0054376289A1,0,5,4,3,7,6,2,8,9,10,1,51497
0042537869A1,0,4,2,5,3,7,8,6,9,10,1,51503
0053467289A1,0,5,3,4,6,7,2,8,9,10,1,51509
0041536729A8,0,4,1,5,3,6,7,2,9,10,8,51514
00354278691A,0,3,5,4,2,7,8,6,9,1,10,51519
00514367289A,0,5,1,4,3,6,7,2,8,9,10,51524
0052463817A9,0,5,2,4,6,3,8,1,7,10,9,51532
00452781369A,0,4,5,2,7,8,1,3,6,9,10,51532
0046523781A9,0,4,6,5,2,3,7,8,1,10,9,51534
00352617849A,0,3,5,2,6,1,7,8,4,9,10,51534
00435217689A,0,4,3,5,2,1,7,6,8,9,10,51580
0045637289A1,0,4,5,6,3,7,2,8,9,10,1,51587
0053246789A1,0,5,3,2,4,6,7,8,9,10,1,51587
0024658739A1,0,2,4,6,5,8,7,3,9,10,1,51595
00413568792A,0,4,1,3,5,6,8,7,9,2,10,51612
00425637891A,0,4,2,5,6,3,7,8,9,1,10,51614
00356278914A,0,3,5,6,2,7,8,9,1,4,10,51616
00254638719A,0,2,5,4,6,3,8,7,1,9,10,51620
00254637819A,0,2,5,4,6,3,7,8,1,9,10,51622
00142658739A,0,1,4,2,6,5,8,7,3,9,10,51624
0034526187A9,0,3,4,5,2,6,1,8,7,10,9,51648
00435716829A,0,4,3,5,7,1,6,8,2,9,10,51670
00354628917A,0,3,5,4,6,2,8,9,1,7,10,51672
00526713849A,0,5,2,6,7,1,3,8,4,9,10,51675
005264379A81,0,5,2,6,4,3,7,9,10,8,1,51677
0045627839A1,0,4,5,6,2,7,8,3,9,10,1,51678
0042563789A1,0,4,2,5,6,3,7,8,9,10,1,51687
00524376981A,0,5,2,4,3,7,6,9,8,1,10,51694
00546738291A,0,5,4,6,7,3,8,2,9,1,10,51698
00423617598A,0,4,2,3,6,1,7,5,9,8,10,51700
00436572891A,0,4,3,6,5,7,2,8,9,1,10,51710
0025617843A9,0,2,5,6,1,7,8,4,3,10,9,51711
0054672819A3,0,5,4,6,7,2,8,1,9,10,3,51730
00326574819A,0,3,2,6,5,7,4,8,1,9,10,51759
00523478961A,0,5,2,3,4,7,8,9,6,1,10,51763
00543678921A,0,5,4,3,6,7,8,9,2,1,10,51765
0045267893A1,0,4,5,2,6,7,8,9,3,10,1,51767
00516248739A,0,5,1,6,2,4,8,7,3,9,10,51767
0042536879A1,0,4,2,5,3,6,8,7,9,10,1,51768
0035674829A1,0,3,5,6,7,4,8,2,9,10,1,51770
00451632897A,0,4,5,1,6,3,2,8,9,7,10,51785
00543678921A,0,5,4,3,6,7,8,9,2,1,10,51795
00546328179A,0,5,4,6,3,2,8,1,7,9,10,51801
00453278916A,0,4,5,3,2,7,8,9,1,6,10,51802
0035647821A9,0,3,5,6,4,7,8,2,1,10,9,51805
0045326189A7,0,4,5,3,2,6,1,8,9,10,7,51826
00453786219A,0,4,5,3,7,8,6,2,1,9,10,51851
00514632897A,0,5,1,4,6,3,2,8,9,7,10,51852
00451362789A,0,4,5,1,3,6,2,7,8,9,10,51855
0053427689A1,0,5,3,4,2,7,6,8,9,10,1,51857
0054367892A1,0,5,4,3,6,7,8,9,2,10,1,51858
00526134897A,0,5,2,6,1,3,4,8,9,7,10,51858
0045632791A8,0,4,5,6,3,2,7,9,1,10,8,51860
0046327589A1,0,4,6,3,2,7,5,8,9,10,1,51865
00456318729A,0,4,5,6,3,1,8,7,2,9,10,51874
00325648791A,0,3,2,5,6,4,8,7,9,1,10,51881
00463578291A,0,4,6,3,5,7,8,2,9,1,10,51883
00536417892A,0,5,3,6,4,1,7,8,9,2,10,51885
0035417682A9,0,3,5,4,1,7,6,8,2,10,9,51892
0023641785A9,0,2,3,6,4,1,7,8,5,10,9,51894
0045367218A9,0,4,5,3,6,7,2,1,8,10,9,51898
0023576481A9,0,2,3,5,7,6,4,8,1,10,9,51916
00546273819A,0,5,4,6,2,7,3,8,1,9,10,51940
00532648719A,0,5,3,2,6,4,8,7,1,9,10,51942
00146275893A,0,1,4,6,2,7,5,8,9,3,10,51945
0054362789A1,0,5,4,3,6,2,7,8,9,10,1,51947
00436571289A,0,4,3,6,5,7,1,2,8,9,10,51948
00453168729A,0,4,5,3,1,6,8,7,2,9,10,51950
0014653879A2,0,1,4,6,5,3,8,7,9,10,2,51953
00436571892A,0,4,3,6,5,7,1,8,9,2,10,51953
0043576289A1,0,4,3,5,7,6,2,8,9,10,1,51954
0035461729A8,0,3,5,4,6,1,7,2,9,10,8,51958
00543768192A,0,5,4,3,7,6,8,1,9,2,10,51967
00356148792A,0,3,5,6,1,4,8,7,9,2,10,51970
00125673894A,0,1,2,5,6,7,3,8,9,4,10,51972
00245736198A,0,2,4,5,7,3,6,1,9,8,10,51974
00426578931A,0,4,2,6,5,7,8,9,3,1,10,51981
00542638971A,0,5,4,2,6,3,8,9,7,1,10,51983
0043165782A9,0,4,3,1,6,5,7,8,2,10,9,52003
0054136289A7,0,5,4,1,3,6,2,8,9,10,7,52006
00536428791A,0,5,3,6,4,2,8,7,9,1,10,52031
00534672819A,0,5,3,4,6,7,2,8,1,9,10,52033
00356472189A,0,3,5,6,4,7,2,1,8,9,10,52035
0035467829A1,0,3,5,4,6,7,8,2,9,10,1,52037
0025643879A1,0,2,5,6,4,3,8,7,9,10,1,52037
00532674819A,0,5,3,2,6,7,4,8,1,9,10,52037
0045623789A1,0,4,5,6,2,3,7,8,9,10,1,52040
00243568179A,0,2,4,3,5,6,8,1,7,9,10,52041
00234165897A,0,2,3,4,1,6,5,8,9,7,10,52043
0053276849A1,0,5,3,2,7,6,8,4,9,10,1,52044
00356471298A,0,3,5,6,4,7,1,2,9,8,10,52053
00246751398A,0,2,4,6,7,5,1,3,9,8,10,52055
00526438791A,0,5,2,6,4,3,8,7,9,1,10,52059
00453762918A,0,4,5,3,7,6,2,9,1,8,10,52063
00354726981A,0,3,5,4,7,2,6,9,8,1,10,52074
00356721489A,0,3,5,6,7,2,1,4,8,9,10,52076
0012356789A4,0,1,2,3,5,6,7,8,9,10,4,52097
00254716893A,0,2,5,4,7,1,6,8,9,3,10,52119
0031567849A2,0,3,1,5,6,7,8,4,9,10,2,52121
00346578291A,0,3,4,6,5,7,8,2,9,1,10,52123
00346275819A,0,3,4,6,2,7,5,8,1,9,10,52125
0045628739A1,0,4,5,6,2,8,7,3,9,10,1,52126
00426578139A,0,4,2,6,5,7,8,1,3,9,10,52128
0045273896A1,0,4,5,2,7,3,8,9,6,10,1,52129
0034675829A1,0,3,4,6,7,5,8,2,9,10,1,52134
00543678219A,0,5,4,3,6,7,8,2,1,9,10,52149
00543278196A,0,5,4,3,2,7,8,1,9,6,10,52151
00536471892A,0,5,3,6,4,7,1,8,9,2,10,52153
00256734918A,0,2,5,6,7,3,4,9,1,8,10,52154
0014256798A3,0,1,4,2,5,6,7,9,8,10,3,52161
00256417839A,0,2,5,6,4,1,7,8,3,9,10,52161
0043527618A9,0,4,3,5,2,7,6,1,8,10,9,52162
0043561789A2,0,4,3,5,6,1,7,8,9,10,2,52188
00463758291A,0,4,6,3,7,5,8,2,9,1,10,52211
00356427981A,0,3,5,6,4,2,7,9,8,1,10,52213
00435762819A,0,4,3,5,7,6,2,8,1,9,10,52215
0054276839A1,0,5,4,2,7,6,8,3,9,10,1,52217
00436572918A,0,4,3,6,5,7,2,9,1,8,10,52218
00435726819A,0,4,3,5,7,2,6,8,1,9,10,52220
0035247698A1,0,3,5,2,4,7,6,9,8,10,1,52221
00453276819A,0,4,5,3,2,7,6,8,1,9,10,52223
00423758169A,0,4,2,3,7,5,8,1,6,9,10,52233
00436157892A,0,4,3,6,1,5,7,8,9,2,10,52236
00453276891A,0,4,5,3,2,7,6,8,9,1,10,52239
00453672891A,0,4,5,3,6,7,2,8,9,1,10,52242
0042635718A9,0,4,2,6,3,5,7,1,8,10,9,52269
00543172698A,0,5,4,3,1,7,2,6,9,8,10,52300
00346758291A,0,3,4,6,7,5,8,2,9,1,10,52302
00345672891A,0,3,4,5,6,7,2,8,9,1,10,52305
0053627489A1,0,5,3,6,2,7,4,8,9,10,1,52307
00436257891A,0,4,3,6,2,5,7,8,9,1,10,52308
0045627389A1,0,4,5,6,2,7,3,8,9,10,1,52309
00546378129A,0,5,4,6,3,7,8,1,2,9,10,52311
00546378912A,0,5,4,6,3,7,8,9,1,2,10,52313
00452673891A,0,4,5,2,6,7,3,8,9,1,10,52324
00524678931A,0,5,2,4,6,7,8,9,3,1,10,52341
0045612783A9,0,4,5,6,1,2,7,8,3,10,9,52348
0045312786A9,0,4,5,3,1,2,7,8,6,10,9,52358
0041537689A2,0,4,1,5,3,7,6,8,9,10,2,52370
0056437891A2,0,5,6,4,3,7,8,9,1,10,2,52387
00253647891A,0,2,5,3,6,4,7,8,9,1,10,52391
00152467839A,0,1,5,2,4,6,7,8,3,9,10,52392
00452768931A,0,4,5,2,7,6,8,9,3,1,10,52396
0035674298A1,0,3,5,6,7,4,2,9,8,10,1,52397
00564172893A,0,5,6,4,1,7,2,8,9,3,10,52398
0023657498A1,0,2,3,6,5,7,4,9,8,10,1,52400
00426517893A,0,4,2,6,5,1,7,8,9,3,10,52400
0015367429A8,0,1,5,3,6,7,4,2,9,10,8,52401
0053462879A1,0,5,3,4,6,2,8,7,9,10,1,52406
003456287A91,0,3,4,5,6,2,8,7,10,9,1,52406
00546371298A,0,5,4,6,3,7,1,2,9,8,10,52422
00425673819A,0,4,2,5,6,7,3,8,1,9,10,52424
00356742189A,0,3,5,6,7,4,2,1,8,9,10,52427
00352674891A,0,3,5,2,6,7,4,8,9,1,10,52429
0053624817A9,0,5,3,6,2,4,8,1,7,10,9,52432
00436571982A,0,4,3,6,5,7,1,9,8,2,10,52432
0042167583A9,0,4,2,1,6,7,5,8,3,10,9,52435
0035476189A2,0,3,5,4,7,6,1,8,9,10,2,52449
0043526189A7,0,4,3,5,2,6,1,8,9,10,7,52465
00216347895A,0,2,1,6,3,4,7,8,9,5,10,52480
00145368729A,0,1,4,5,3,6,8,7,2,9,10,52483
00135468792A,0,1,3,5,4,6,8,7,9,2,10,52487
0036527498A1,0,3,6,5,2,7,4,9,8,10,1,52487
0035467289A1,0,3,5,4,6,7,2,8,9,10,1,52488
00145326897A,0,1,4,5,3,2,6,8,9,7,10,52489
0054276398A1,0,5,4,2,7,6,3,9,8,10,1,52490
0035627498A1,0,3,5,6,2,7,4,9,8,10,1,52494
0045632789A1,0,4,5,6,3,2,7,8,9,10,1,52498
0043267859A1,0,4,3,2,6,7,8,5,9,10,1,52500
00346571892A,0,3,4,6,5,7,1,8,9,2,10,52509
00246738591A,0,2,4,6,7,3,8,5,9,1,10,52510
00451378692A,0,4,5,1,3,7,8,6,9,2,10,52513
00342678591A,0,3,4,2,6,7,8,5,9,1,10,52515
0025647831A9,0,2,5,6,4,7,8,3,1,10,9,52523
0034652817A9,0,3,4,6,5,2,8,1,7,10,9,52527
00341625879A,0,3,4,1,6,2,5,8,7,9,10,52570
00423651897A,0,4,2,3,6,5,1,8,9,7,10,52572
0045236798A1,0,4,5,2,3,6,7,9,8,10,1,52578
0043267598A1,0,4,3,2,6,7,5,9,8,10,1,52578
0046237589A1,0,4,6,2,3,7,5,8,9,10,1,52586
00563428791A,0,5,6,3,4,2,8,7,9,1,10,52593
00256471398A,0,2,5,6,4,7,1,3,9,8,10,52600
0025643871A9,0,2,5,6,4,3,8,7,1,10,9,52611
0025437861A9,0,2,5,4,3,7,8,6,1,10,9,52616
0025436871A9,0,2,5,4,3,6,8,7,1,10,9,52638
0045631798A2,0,4,5,6,3,1,7,9,8,10,2,52644
00346518279A,0,3,4,6,5,1,8,2,7,9,10,52660
00435768129A,0,4,3,5,7,6,8,1,2,9,10,52662
00546371298A,0,5,4,6,3,7,1,2,9,8,10,52665
0035476829A1,0,3,5,4,7,6,8,2,9,10,1,52667
0032567849A1,0,3,2,5,6,7,8,4,9,10,1,52668
00345678291A,0,3,4,5,6,7,8,2,9,1,10,52670
00456738129A,0,4,5,6,7,3,8,1,2,9,10,52671
0043267589A1,0,4,3,2,6,7,5,8,9,10,1,52673
00534617829A,0,5,3,4,6,1,7,8,2,9,10,52673
00463157289A,0,4,6,3,1,5,7,2,8,9,10,52676
00453628791A,0,4,5,3,6,2,8,7,9,1,10,52681
00423568179A,0,4,2,3,5,6,8,1,7,9,10,52682
00326748591A,0,3,2,6,7,4,8,5,9,1,10,52684
00356241897A,0,3,5,6,2,4,1,8,9,7,10,52687
00341567892A,0,3,4,1,5,6,7,8,9,2,10,52691
00534672891A,0,5,3,4,6,7,2,8,9,1,10,52693
00356412879A,0,3,5,6,4,1,2,8,7,9,10,52696
00354628971A,0,3,5,4,6,2,8,9,7,1,10,52699
0043627581A9,0,4,3,6,2,7,5,8,1,10,9,52702
00246573198A,0,2,4,6,5,7,3,1,9,8,10,52702
0052367184A9,0,5,2,3,6,7,1,8,4,10,9,52705
0045637821A9,0,4,5,6,3,7,8,2,1,10,9,52707
0045361728A9,0,4,5,3,6,1,7,2,8,10,9,52710
00235641879A,0,2,3,5,6,4,1,8,7,9,10,52750
00435768219A,0,4,3,5,7,6,8,2,1,9,10,52753
00532476891A,0,5,3,2,4,7,6,8,9,1,10,52755
00236517894A,0,2,3,6,5,1,7,8,9,4,10,52757
0042537896A1,0,4,2,5,3,7,8,9,6,10,1,52758
0051236749A8,0,5,1,2,3,6,7,4,9,10,8,52767
00254738691A,0,2,5,4,7,3,8,6,9,1,10,52776
00456738129A,0,4,5,6,7,3,8,1,2,9,10,52787
00456327189A,0,4,5,6,3,2,7,1,8,9,10,52790
0025647831A9,0,2,5,6,4,7,8,3,1,10,9,52792
00451638729A,0,4,5,1,6,3,8,7,2,9,10,52792
00356478129A,0,3,5,6,4,7,8,1,2,9,10,52794
0046517289A3,0,4,6,5,1,7,2,8,9,10,3,52798
0032467851A9,0,3,2,4,6,7,8,5,1,10,9,52818
00524376891A,0,5,2,4,3,7,6,8,9,1,10,52840
00425736819A,0,4,2,5,7,3,6,8,1,9,10,52844
00253618794A,0,2,5,3,6,1,8,7,9,4,10,52845
0054627398A1,0,5,4,6,2,7,3,9,8,10,1,52847
00432678519A,0,4,3,2,6,7,8,5,1,9,10,52848
00542368791A,0,5,4,2,3,6,8,7,9,1,10,52851
00354762918A,0,3,5,4,7,6,2,9,1,8,10,52869
00426358971A,0,4,2,6,3,5,8,9,7,1,10,52877
00436572891A,0,4,3,6,5,7,2,8,9,1,10,52880
00256748139A,0,2,5,6,7,4,8,1,3,9,10,52881
00326571894A,0,3,2,6,5,7,1,8,9,4,10,52884
00425176893A,0,4,2,5,1,7,6,8,9,3,10,52886
00342617895A,0,3,4,2,6,1,7,8,9,5,10,52930
00254768319A,0,2,5,4,7,6,8,3,1,9,10,52933
00215473896A,0,2,1,5,4,7,3,8,9,6,10,52935
0053674829A1,0,5,3,6,7,4,8,2,9,10,1,52937
0043267598A1,0,4,3,2,6,7,5,9,8,10,1,52937
00532674819A,0,5,3,2,6,7,4,8,1,9,10,52937
002564783A91,0,2,5,6,4,7,8,3,10,9,1,52941
0043627895A1,0,4,3,6,2,7,8,9,5,10,1,52942
0054326791A8,0,5,4,3,2,6,7,9,1,10,8,52946
00356471892A,0,3,5,6,4,7,1,8,9,2,10,52959
00345628197A,0,3,4,5,6,2,8,1,9,7,10,52962
00435768921A,0,4,3,5,7,6,8,9,2,1,10,52964
00352478691A,0,3,5,2,4,7,8,6,9,1,10,52966
00356748291A,0,3,5,6,7,4,8,2,9,1,10,52968
00145367298A,0,1,4,5,3,6,7,2,9,8,10,52970
00356472891A,0,3,5,6,4,7,2,8,9,1,10,52974
0024165389A7,0,2,4,1,6,5,3,8,9,10,7,52997
0034257891A6,0,3,4,2,5,7,8,9,1,10,6,53007
00542673918A,0,5,4,2,6,7,3,9,1,8,10,53020
00453276918A,0,4,5,3,2,7,6,9,1,8,10,53023
00452671938A,0,4,5,2,6,7,1,9,3,8,10,53025
0042573689A1,0,4,2,5,7,3,6,8,9,10,1,53027
00356428179A,0,3,5,6,4,2,8,1,7,9,10,53027
0052467139A8,0,5,2,4,6,7,1,3,9,10,8,53028
00412537869A,0,4,1,2,5,3,7,8,6,9,10,53029
00452376198A,0,4,5,2,3,7,6,1,9,8,10,53034
00325674189A,0,3,2,5,6,7,4,1,8,9,10,53035
0054632791A8,0,5,4,6,3,2,7,9,1,10,8,53036
00345176289A,0,3,4,5,1,7,6,2,8,9,10,53043
00243716598A,0,2,4,3,7,1,6,5,9,8,10,53047
00456723981A,0,4,5,6,7,2,3,9,8,1,10,53050
00453672981A,0,4,5,3,6,7,2,9,8,1,10,53054
00453672891A,0,4,5,3,6,7,2,8,9,1,10,53056
00435671298A,0,4,3,5,6,7,1,2,9,8,10,53059
00256437918A,0,2,5,6,4,3,7,9,1,8,10,53062
0035467812A9,0,3,5,4,6,7,8,1,2,10,9,53063
0014265389A7,0,1,4,2,6,5,3,8,9,10,7,53094
00425368719A,0,4,2,5,3,6,8,7,1,9,10,53110
00436751892A,0,4,3,6,7,5,1,8,9,2,10,53113
00453271689A,0,4,5,3,2,7,1,6,8,9,10,53115
0045632879A1,0,4,5,6,3,2,8,7,9,10,1,53117
0042637859A1,0,4,2,6,3,7,8,5,9,10,1,53118
0052476893A1,0,5,2,4,7,6,8,9,3,10,1,53125
00532674819A,0,5,3,2,6,7,4,8,1,9,10,53135
00352748961A,0,3,5,2,7,4,8,9,6,1,10,53145
0034265781A9,0,3,4,2,6,5,7,8,1,10,9,53152
0042653187A9,0,4,2,6,5,3,1,8,7,10,9,53156
0024653178A9,0,2,4,6,5,3,1,7,8,10,9,53159
0053261789A4,0,5,3,2,6,1,7,8,9,10,4,53192
00346578291A,0,3,4,6,5,7,8,2,9,1,10,53200
00254367981A,0,2,5,4,3,6,7,9,8,1,10,53203
00342675981A,0,3,4,2,6,7,5,9,8,1,10,53205
0045673289A1,0,4,5,6,7,3,2,8,9,10,1,53207
0024653879A1,0,2,4,6,5,3,8,7,9,10,1,53208
00315462897A,0,3,1,5,4,6,2,8,9,7,10,53210
0042367859A1,0,4,2,3,6,7,8,5,9,10,1,53211
00462357918A,0,4,6,2,3,5,7,9,1,8,10,53212
00564378291A,0,5,6,4,3,7,8,2,9,1,10,53214
00514763829A,0,5,1,4,7,6,3,8,2,9,10,53216
0024571639A8,0,2,4,5,7,1,6,3,9,10,8,53218
00246518793A,0,2,4,6,5,1,8,7,9,3,10,53218
00346218759A,0,3,4,6,2,1,8,7,5,9,10,53223
00526473819A,0,5,2,6,4,7,3,8,1,9,10,53226
00534678192A,0,5,3,4,6,7,8,1,9,2,10,53230
00346528791A,0,3,4,6,5,2,8,7,9,1,10,53232
00324768591A,0,3,2,4,7,6,8,5,9,1,10,53240
00541368792A,0,5,4,1,3,6,8,7,9,2,10,53244
00463752891A,0,4,6,3,7,5,2,8,9,1,10,53290
00346275198A,0,3,4,6,2,7,5,1,9,8,10,53293
00451326897A,0,4,5,1,3,2,6,8,9,7,10,53295
0045327896A1,0,4,5,3,2,7,8,9,6,10,1,53297
0045637829A1,0,4,5,6,3,7,8,2,9,10,1,53297
00436758291A,0,4,3,6,7,5,8,2,9,1,10,53298
00543216789A,0,5,4,3,2,1,6,7,8,9,10,53300
00326548971A,0,3,2,6,5,4,8,9,7,1,10,53304
00354216789A,0,3,5,4,2,1,6,7,8,9,10,53306
00435678192A,0,4,3,5,6,7,8,1,9,2,10,53307
00456728931A,0,4,5,6,7,2,8,9,3,1,10,53317
00436527891A,0,4,3,6,5,2,7,8,9,1,10,53320
00356172498A,0,3,5,6,1,7,2,4,9,8,10,53322
00426753891A,0,4,2,6,7,5,3,8,9,1,10,53333
0034562189A7,0,3,4,5,6,2,1,8,9,10,7,53366
0054317869A2,0,5,4,3,1,7,8,6,9,10,2,53370
00342761859A,0,3,4,2,7,6,1,8,5,9,10,53379
0035647289A1,0,3,5,6,4,7,2,8,9,10,1,53386
0045276839A1,0,4,5,2,7,6,8,3,9,10,1,53389
0013547629A8,0,1,3,5,4,7,6,2,9,10,8,53391
0045267389A1,0,4,5,2,6,7,3,8,9,10,1,53392
0043567291A8,0,4,3,5,6,7,2,9,1,10,8,53401
002437658A91,0,2,4,3,7,6,5,8,10,9,1,53402
00426378519A,0,4,2,6,3,7,8,5,1,9,10,53405
00463571892A,0,4,6,3,5,7,1,8,9,2,10,53407
00254638719A,0,2,5,4,6,3,8,7,1,9,10,53409
00215376849A,0,2,1,5,3,7,6,8,4,9,10,53416
0024513768A9,0,2,4,5,1,3,7,6,8,10,9,53422
00246537891A,0,2,4,6,5,3,7,8,9,1,10,53423
0032657841A9,0,3,2,6,5,7,8,4,1,10,9,53426
00453672918A,0,4,5,3,6,7,2,9,1,8,10,53470
00325716849A,0,3,2,5,7,1,6,8,4,9,10,53472
00356478912A,0,3,5,6,4,7,8,9,1,2,10,53476
0053674289A1,0,5,3,6,7,4,2,8,9,10,1,53477
00324617598A,0,3,2,4,6,1,7,5,9,8,10,53478
0035472869A1,0,3,5,4,7,2,8,6,9,10,1,53478
00546271893A,0,5,4,6,2,7,1,8,9,3,10,53507
00254178639A,0,2,5,4,1,7,8,6,3,9,10,53508
00542368719A,0,5,4,2,3,6,8,7,1,9,10,53510
0043621758A9,0,4,3,6,2,1,7,5,8,10,9,53512
00153472869A,0,1,5,3,4,7,2,8,6,9,10,53513
00546328197A,0,5,4,6,3,2,8,1,9,7,10,53514
0054163287A9,0,5,4,1,6,3,2,8,7,10,9,53515
0024316785A9,0,2,4,3,1,6,7,8,5,10,9,53518
0025647381A9,0,2,5,6,4,7,3,8,1,10,9,53534
00465371892A,0,4,6,5,3,7,1,8,9,2,10,53560
00245736891A,0,2,4,5,7,3,6,8,9,1,10,53562
00342657981A,0,3,4,2,6,5,7,9,8,1,10,53564
0034627589A1,0,3,4,6,2,7,5,8,9,10,1,53567
0024675398A1,0,2,4,6,7,5,3,9,8,10,1,53567
00354726981A,0,3,5,4,7,2,6,9,8,1,10,53567
00254678391A,0,2,5,4,6,7,8,3,9,1,10,53570
0046572893A1,0,4,6,5,7,2,8,9,3,10,1,53571
0025437869A1,0,2,5,4,3,7,8,6,9,10,1,53571
00346572891A,0,3,4,6,5,7,2,8,9,1,10,53572
0052437619A8,0,5,2,4,3,7,6,1,9,10,8,53573
0043562789A1,0,4,3,5,6,2,7,8,9,10,1,53575
0042637859A1,0,4,2,6,3,7,8,5,9,10,1,53579
00345678219A,0,3,4,5,6,7,8,2,1,9,10,53584
00546317289A,0,5,4,6,3,1,7,2,8,9,10,53586
00253176849A,0,2,5,3,1,7,6,8,4,9,10,53589
00314526897A,0,3,1,4,5,2,6,8,9,7,10,53592
0052647198A3,0,5,2,6,4,7,1,9,8,10,3,53599
00456321897A,0,4,5,6,3,2,1,8,9,7,10,53600
0056431278A9,0,5,6,4,3,1,2,7,8,10,9,53602
00145327869A,0,1,4,5,3,2,7,8,6,9,10,53604
0035468719A2,0,3,5,4,6,8,7,1,9,10,2,53636
0014576398A2,0,1,4,5,7,6,3,9,8,10,2,53639
00453678291A,0,4,5,3,6,7,8,2,9,1,10,53650
00346758291A,0,3,4,6,7,5,8,2,9,1,10,53652
00352476918A,0,3,5,2,4,7,6,9,1,8,10,53655
0046372859A1,0,4,6,3,7,2,8,5,9,10,1,53657
00154638792A,0,1,5,4,6,3,8,7,9,2,10,53657
0045673298A1,0,4,5,6,7,3,2,9,8,10,1,53658
0042653789A1,0,4,2,6,5,3,7,8,9,10,1,53665
00452637918A,0,4,5,2,6,3,7,9,1,8,10,53675
00435278691A,0,4,3,5,2,7,8,6,9,1,10,53695
00245678931A,0,2,4,5,6,7,8,9,3,1,10,53740
00432578691A,0,4,3,2,5,7,8,6,9,1,10,53743
00456728319A,0,4,5,6,7,2,8,3,1,9,10,53746
0025367894A1,0,2,5,3,6,7,8,9,4,10,1,53747
0043652879A1,0,4,3,6,5,2,8,7,9,10,1,53748
00435276981A,0,4,3,5,2,7,6,9,8,1,10,53749
00456327981A,0,4,5,6,3,2,7,9,8,1,10,53751
0045236719A8,0,4,5,2,3,6,7,1,9,10,8,53752
00143658729A,0,1,4,3,6,5,8,7,2,9,10,53753
0045367829A1,0,4,5,3,6,7,8,2,9,10,1,53754
0032456789A1,0,3,2,4,5,6,7,8,9,10,1,53754
0043672859A1,0,4,3,6,7,2,8,5,9,10,1,53757
0032567498A1,0,3,2,5,6,7,4,9,8,10,1,53762
00435678219A,0,4,3,5,6,7,8,2,1,9,10,53769
00436578291A,0,4,3,6,5,7,8,2,9,1,10,53771
00356428971A,0,3,5,6,4,2,8,9,7,1,10,53772
00453276981A,0,4,5,3,2,7,6,9,8,1,10,53774
00354628791A,0,3,5,4,6,2,8,7,9,1,10,53778
0043561728A9,0,4,3,5,6,1,7,2,8,10,9,53782
0045237681A9,0,4,5,2,3,7,6,8,1,10,9,53785
0035624871A9,0,3,5,6,2,4,8,7,1,10,9,53802
00564371298A,0,5,6,4,3,7,1,2,9,8,10,53830
00346752189A,0,3,4,6,7,5,2,1,8,9,10,53832
0054673289A1,0,5,4,6,7,3,2,8,9,10,1,53836
00436752198A,0,4,3,6,7,5,2,1,9,8,10,53836
00546732198A,0,5,4,6,7,3,2,1,9,8,10,53837
0024637859A1,0,2,4,6,3,7,8,5,9,10,1,53838
00546728319A,0,5,4,6,7,2,8,3,1,9,10,53840
00341572896A,0,3,4,1,5,7,2,8,9,6,10,53843
00543162897A,0,5,4,3,1,6,2,8,9,7,10,53846
00431675892A,0,4,3,1,6,7,5,8,9,2,10,53848
00236458791A,0,2,3,6,4,5,8,7,9,1,10,53859
00526478931A,0,5,2,6,4,7,8,9,3,1,10,53860
00435628791A,0,4,3,5,6,2,8,7,9,1,10,53877
0045267831A9,0,4,5,2,6,7,8,3,1,10,9,53887
0035164879A2,0,3,5,1,6,4,8,7,9,10,2,53914
00523764891A,0,5,2,3,7,6,4,8,9,1,10,53920
00456278391A,0,4,5,6,2,7,8,3,9,1,10,53922
00432658971A,0,4,3,2,6,5,8,9,7,1,10,53924
00256734198A,0,2,5,6,7,3,4,1,9,8,10,53927
0045376829A1,0,4,5,3,7,6,8,2,9,10,1,53927
0023675489A1,0,2,3,6,7,5,4,8,9,10,1,53927
00524678391A,0,5,2,4,6,7,8,3,9,1,10,53929
0045637289A1,0,4,5,6,3,7,2,8,9,10,1,53930
00425617893A,0,4,2,5,6,1,7,8,9,3,10,53933
00354178269A,0,3,5,4,1,7,8,2,6,9,10,53935
00413625789A,0,4,1,3,6,2,5,7,8,9,10,53937
00456138729A,0,4,5,6,1,3,8,7,2,9,10,53949
00451627839A,0,4,5,1,6,2,7,8,3,9,10,53951
00425671983A,0,4,2,5,6,7,1,9,8,3,10,53954
00451273896A,0,4,5,1,2,7,3,8,9,6,10,53956
00541672839A,0,5,4,1,6,7,2,8,3,9,10,53959
00325748961A,0,3,2,5,7,4,8,9,6,1,10,53961
00546372918A,0,5,4,6,3,7,2,9,1,8,10,53963
0023647851A9,0,2,3,6,4,7,8,5,1,10,9,53983
0043561289A7,0,4,3,5,6,1,2,8,9,10,7,53994
00453678291A,0,4,5,3,6,7,8,2,9,1,10,54011
0042653798A1,0,4,2,6,5,3,7,9,8,10,1,54018
0035427689A1,0,3,5,4,2,7,6,8,9,10,1,54018
0025647893A1,0,2,5,6,4,7,8,9,3,10,1,54022
00346572198A,0,3,4,6,5,7,2,1,9,8,10,54040
00526347198A,0,5,2,6,3,4,7,1,9,8,10,54043
00245671983A,0,2,4,5,6,7,1,9,8,3,10,54048
0043567281A9,0,4,3,5,6,7,2,8,1,10,9,54052
00425678913A,0,4,2,5,6,7,8,9,1,3,10,54055
0025463781A9,0,2,5,4,6,3,7,8,1,10,9,54074
00532764198A,0,5,3,2,7,6,4,1,9,8,10,54100
00342675891A,0,3,4,2,6,7,5,8,9,1,10,54102
00435621798A,0,4,3,5,6,2,1,7,9,8,10,54105
0056274389A1,0,5,6,2,7,4,3,8,9,10,1,54107
00354271698A,0,3,5,4,2,7,1,6,9,8,10,54108
0054637892A1,0,5,4,6,3,7,8,9,2,10,1,54110
00215476893A,0,2,1,5,4,7,6,8,9,3,10,54127
00326457981A,0,3,2,6,4,5,7,9,8,1,10,54129
00356428791A,0,3,5,6,4,2,8,7,9,1,10,54132
00526438197A,0,5,2,6,4,3,8,1,9,7,10,54138
0045236187A9,0,4,5,2,3,6,1,8,7,10,9,54142
00456372918A,0,4,5,6,3,7,2,9,1,8,10,54143
0053642187A9,0,5,3,6,4,2,1,8,7,10,9,54146
00426738591A,0,4,2,6,7,3,8,5,9,1,10,54191
00435278961A,0,4,3,5,2,7,8,9,6,1,10,54193
00154637892A,0,1,5,4,6,3,7,8,9,2,10,54195
0043675289A1,0,4,3,6,7,5,2,8,9,10,1,54197
0053462879A1,0,5,3,4,6,2,8,7,9,10,1,54197
00546271839A,0,5,4,6,2,7,1,8,3,9,10,54198
0045672839A1,0,4,5,6,7,2,8,3,9,10,1,54203
003526749A81,0,3,5,2,6,7,4,9,10,8,1,54205
0042673859A1,0,4,2,6,7,3,8,5,9,10,1,54207
0035247869A1,0,3,5,2,4,7,8,6,9,10,1,54209
00415376982A,0,4,1,5,3,7,6,9,8,2,10,54214
00426758913A,0,4,2,6,7,5,8,9,1,3,10,54216
00534271869A,0,5,3,4,2,7,1,8,6,9,10,54222
00532647891A,0,5,3,2,6,4,7,8,9,1,10,54224
00456278139A,0,4,5,6,2,7,8,1,3,9,10,54230
0015426873A9,0,1,5,4,2,6,8,7,3,10,9,54232
00542687391A,0,5,4,2,6,8,7,3,9,1,10,54232
00235467891A,0,2,3,5,4,6,7,8,9,1,10,54234
0045367281A9,0,4,5,3,6,7,2,8,1,10,9,54235
0032615748A9,0,3,2,6,1,5,7,4,8,10,9,54238
0043567821A9,0,4,3,5,6,7,8,2,1,10,9,54242
00354276198A,0,3,5,4,2,7,6,1,9,8,10,54281
0035472869A1,0,3,5,4,7,2,8,6,9,10,1,54287
0045326879A1,0,4,5,3,2,6,8,7,9,10,1,54288
0054267389A1,0,5,4,2,6,7,3,8,9,10,1,54291
0035264789A1,0,3,5,2,6,4,7,8,9,10,1,54295
0054263897A1,0,5,4,2,6,3,8,9,7,10,1,54295
0053468297A1,0,5,3,4,6,8,2,9,7,10,1,54303
00416375892A,0,4,1,6,3,7,5,8,9,2,10,54303
00432678951A,0,4,3,2,6,7,8,9,5,1,10,54307
00346578192A,0,3,4,6,5,7,8,1,9,2,10,54318
004256387A19,0,4,2,5,6,3,8,7,10,1,9,54323
00425637891A,0,4,2,5,6,3,7,8,9,1,10,54324
0035416879A2,0,3,5,4,1,6,8,7,9,10,2,54363
0054376891A2,0,5,4,3,7,6,8,9,1,10,2,54366
00465278193A,0,4,6,5,2,7,8,1,9,3,10,54369
00436725891A,0,4,3,6,7,2,5,8,9,1,10,54373
004362758A91,0,4,3,6,2,7,5,8,10,9,1,54376
0032547896A1,0,3,2,5,4,7,8,9,6,10,1,54378
0035476298A1,0,3,5,4,7,6,2,9,8,10,1,54379
0043275869A1,0,4,3,2,7,5,8,6,9,10,1,54385
0034576129A8,0,3,4,5,7,6,1,2,9,10,8,54392
00215637894A,0,2,1,5,6,3,7,8,9,4,10,54398
00432658719A,0,4,3,2,6,5,8,7,1,9,10,54402
00426587931A,0,4,2,6,5,8,7,9,3,1,10,54404
00354762891A,0,3,5,4,7,6,2,8,9,1,10,54406
0042567813A9,0,4,2,5,6,7,8,1,3,10,9,54412
0045361782A9,0,4,5,3,6,1,7,8,2,10,9,54416
00243617598A,0,2,4,3,6,1,7,5,9,8,10,54417
0043267518A9,0,4,3,2,6,7,5,1,8,10,9,54436
0045237861A9,0,4,5,2,3,7,8,6,1,10,9,54438
00526417893A,0,5,2,6,4,1,7,8,9,3,10,54460
00346751829A,0,3,4,6,7,5,1,8,2,9,10,54463
00356428179A,0,3,5,6,4,2,8,1,7,9,10,54465
0053467289A1,0,5,3,4,6,7,2,8,9,10,1,54467
0052473689A1,0,5,2,4,7,3,6,8,9,10,1,54473
00253678419A,0,2,5,3,6,7,8,4,1,9,10,54486
00342651897A,0,3,4,2,6,5,1,8,9,7,10,54489
00452167398A,0,4,5,2,1,6,7,3,9,8,10,54495
00435627819A,0,4,3,5,6,2,7,8,1,9,10,54497
00456378192A,0,4,5,6,3,7,8,1,9,2,10,54498
0035461287A9,0,3,5,4,6,1,2,8,7,10,9,54501
00126458397A,0,1,2,6,4,5,8,3,9,7,10,54503
00452763891A,0,4,5,2,7,6,3,8,9,1,10,54504
0035216489A7,0,3,5,2,1,6,4,8,9,10,7,54528
00235617894A,0,2,3,5,6,1,7,8,9,4,10,54550
00541678932A,0,5,4,1,6,7,8,9,3,2,10,54553
00543786291A,0,5,4,3,7,8,6,2,9,1,10,54555
00256748391A,0,2,5,6,7,4,8,3,9,1,10,54557
00536472981A,0,5,3,6,4,7,2,9,8,1,10,54560
00346258971A,0,3,4,6,2,5,8,9,7,1,10,54562
00246378591A,0,2,4,6,3,7,8,5,9,1,10,54565
00325674189A,0,3,2,5,6,7,4,1,8,9,10,54573
00456721893A,0,4,5,6,7,2,1,8,9,3,10,54579
00356428179A,0,3,5,6,4,2,8,1,7,9,10,54581
00456217389A,0,4,5,6,2,1,7,3,8,9,10,54584
00425678193A,0,4,2,5,6,7,8,1,9,3,10,54587
0042568731A9,0,4,2,5,6,8,7,3,1,10,9,54592
00534126897A,0,5,3,4,1,2,6,8,9,7,10,54592
00435268971A,0,4,3,5,2,6,8,9,7,1,10,54595
0045261879A3,0,4,5,2,6,1,8,7,9,10,3,54598
0035467281A9,0,3,5,4,6,7,2,8,1,10,9,54600
0035641289A7,0,3,5,6,4,1,2,8,9,10,7,54621
00453672198A,0,4,5,3,6,7,2,1,9,8,10,54640
00543627891A,0,5,4,3,6,2,7,8,9,1,10,54642
0035426879A1,0,3,5,4,2,6,8,7,9,10,1,54647
004365287A91,0,4,3,6,5,2,8,7,10,9,1,54648
0013546729A8,0,1,3,5,4,6,7,2,9,10,8,54650
0054672839A1,0,5,4,6,7,2,8,3,9,10,1,54651
0052647398A1,0,5,2,6,4,7,3,9,8,10,1,54654
0043267591A8,0,4,3,2,6,7,5,9,1,10,8,54659
00451728369A,0,4,5,1,7,2,8,3,6,9,10,54663
00543726891A,0,5,4,3,7,2,6,8,9,1,10,54671
00536278419A,0,5,3,6,2,7,8,4,1,9,10,54673
00153267894A,0,1,5,3,2,6,7,8,9,4,10,54675
00256348791A,0,2,5,6,3,4,8,7,9,1,10,54677
00543672891A,0,5,4,3,6,7,2,8,9,1,10,54679
0054367821A9,0,5,4,3,6,7,8,2,1,10,9,54682
0056432187A9,0,5,6,4,3,2,1,8,7,10,9,54685
0042365871A9,0,4,2,3,6,5,8,7,1,10,9,54692
0035247681A9,0,3,5,2,4,7,6,8,1,10,9,54698
0014536789A2,0,1,4,5,3,6,7,8,9,10,2,54723
00453678129A,0,4,5,3,6,7,8,1,2,9,10,54731
00415276398A,0,4,1,5,2,7,6,3,9,8,10,54733
00451376298A,0,4,5,1,3,7,6,2,9,8,10,54761
00546287391A,0,5,4,6,2,8,7,3,9,1,10,54762
00534762891A,0,5,3,4,7,6,2,8,9,1,10,54767
00245618739A,0,2,4,5,6,1,8,7,3,9,10,54769
00435672891A,0,4,3,5,6,7,2,8,9,1,10,54773
00342716859A,0,3,4,2,7,1,6,8,5,9,10,54775
0024516783A9,0,2,4,5,1,6,7,8,3,10,9,54790
0054631782A9,0,5,4,6,3,1,7,8,2,10,9,54794
0043256718A9,0,4,3,2,5,6,7,1,8,10,9,54796
0045362189A7,0,4,5,3,6,2,1,8,9,10,7,54797
00415638792A,0,4,1,5,6,3,8,7,9,2,10,54820
00453628971A,0,4,5,3,6,2,8,9,7,1,10,54821
00536278491A,0,5,3,6,2,7,8,4,9,1,10,54825
0025367894A1,0,2,5,3,6,7,8,9,4,10,1,54827
0056247839A1,0,5,6,2,4,7,8,3,9,10,1,54827
00352674981A,0,3,5,2,6,7,4,9,8,1,10,54827
00435276891A,0,4,3,5,2,7,6,8,9,1,10,54830
0053476829A1,0,5,3,4,7,6,8,2,9,10,1,54832
0032654789A1,0,3,2,6,5,4,7,8,9,10,1,54833
00435627198A,0,4,3,5,6,2,7,1,9,8,10,54849
00456372198A,0,4,5,6,3,7,2,1,9,8,10,54851
00426715389A,0,4,2,6,7,1,5,3,8,9,10,54861
00345217698A,0,3,4,5,2,1,7,6,9,8,10,54863
0045376189A2,0,4,5,3,7,6,1,8,9,10,2,54910
00354628971A,0,3,5,4,6,2,8,9,7,1,10,54910
00254317869A,0,2,5,4,3,1,7,8,6,9,10,54913
00352647981A,0,3,5,2,6,4,7,9,8,1,10,54914
0045623789A1,0,4,5,6,2,3,7,8,9,10,1,54917
00256483791A,0,2,5,6,4,8,3,7,9,1,10,54918
00426358791A,0,4,2,6,3,5,8,7,9,1,10,54921
00346271598A,0,3,4,6,2,7,1,5,9,8,10,54938
00425638197A,0,4,2,5,6,3,8,1,9,7,10,54943
00246357819A,0,2,4,6,3,5,7,8,1,9,10,54945
00345267189A,0,3,4,5,2,6,7,1,8,9,10,54947
00146378592A,0,1,4,6,3,7,8,5,9,2,10,54949
00564278931A,0,5,6,4,2,7,8,9,3,1,10,54950
0042673851A9,0,4,2,6,7,3,8,5,1,10,9,54952
00356742981A,0,3,5,6,7,4,2,9,8,1,10,54955
0046257138A9,0,4,6,2,5,7,1,3,8,10,9,54970
0054217839A6,0,5,4,2,1,7,8,3,9,10,6,54973
0051367489A2,0,5,1,3,6,7,4,8,9,10,2,54995
00543678291A,0,5,4,3,6,7,8,2,9,1,10,55000
00423576891A,0,4,2,3,5,7,6,8,9,1,10,55002
0035627849A1,0,3,5,6,2,7,8,4,9,10,1,55006
0042675389A1,0,4,2,6,7,5,3,8,9,10,1,55007
0035427698A1,0,3,5,4,2,7,6,9,8,10,1,55011
0045267839A1,0,4,5,2,6,7,8,3,9,10,1,55014
00356481279A,0,3,5,6,4,8,1,2,7,9,10,55025
00513478629A,0,5,1,3,4,7,8,6,2,9,10,55028
0042657391A8,0,4,2,6,5,7,3,9,1,10,8,55029
00356274891A,0,3,5,6,2,7,4,8,9,1,10,55029
00436572189A,0,4,3,6,5,7,2,1,8,9,10,55032
00345176892A,0,3,4,5,1,7,6,8,9,2,10,55035
00356724981A,0,3,5,6,7,2,4,9,8,1,10,55038
00426758391A,0,4,2,6,7,5,8,3,9,1,10,55040
0042675813A9,0,4,2,6,7,5,8,1,3,10,9,55042
00256478319A,0,2,5,6,4,7,8,3,1,9,10,55043
0032457861A9,0,3,2,4,5,7,8,6,1,10,9,55045
0053427869A1,0,5,3,4,2,7,8,6,9,10,1,55096
0042657389A1,0,4,2,6,5,7,3,8,9,10,1,55097
0042563791A8,0,4,2,5,6,3,7,9,1,10,8,55099
0052648397A1,0,5,2,6,4,8,3,9,7,10,1,55099
0042673859A1,0,4,2,6,7,3,8,5,9,10,1,55100
0054637819A2,0,5,4,6,3,7,8,1,9,10,2,55102
0045362897A1,0,4,5,3,6,2,8,9,7,10,1,55106
00246518793A,0,2,4,6,5,1,8,7,9,3,10,55118
00352674819A,0,3,5,2,6,7,4,8,1,9,10,55120
00254163897A,0,2,5,4,1,6,3,8,9,7,10,55123
00245631879A,0,2,4,5,6,3,1,8,7,9,10,55126
00354672189A,0,3,5,4,6,7,2,1,8,9,10,55131
0042356871A9,0,4,2,3,5,6,8,7,1,10,9,55132
00452638791A,0,4,5,2,6,3,8,7,9,1,10,55136
0042356781A9,0,4,2,3,5,6,7,8,1,10,9,55146
00436725981A,0,4,3,6,7,2,5,9,8,1,10,55181
0035476298A1,0,3,5,4,7,6,2,9,8,10,1,55185
002563489A71,0,2,5,6,3,4,8,9,10,7,1,55186
0045312769A8,0,4,5,3,1,2,7,6,9,10,8,55191
0053462879A1,0,5,3,4,6,2,8,7,9,10,1,55194
0035642897A1,0,3,5,6,4,2,8,9,7,10,1,55195
0023564791A8,0,2,3,5,6,4,7,9,1,10,8,55196
0035647289A1,0,3,5,6,4,7,2,8,9,10,1,55200
00425617839A,0,4,2,5,6,1,7,8,3,9,10,55206
00246715893A,0,2,4,6,7,1,5,8,9,3,10,55207
00523476819A,0,5,2,3,4,7,6,8,1,9,10,55210
0053416287A9,0,5,3,4,1,6,2,8,7,10,9,55222
00425176893A,0,4,2,5,1,7,6,8,9,3,10,55224
0015264837A9,0,1,5,2,6,4,8,3,7,10,9,55242
0051364782A9,0,5,1,3,6,4,7,8,2,10,9,55246
0045362189A7,0,4,5,3,6,2,1,8,9,10,7,55251
00453786192A,0,4,5,3,7,8,6,1,9,2,10,55270
00514367892A,0,5,1,4,3,6,7,8,9,2,10,55272
00253176894A,0,2,5,3,1,7,6,8,9,4,10,55275
0043265789A1,0,4,3,2,6,5,7,8,9,10,1,55277
00356748291A,0,3,5,6,7,4,8,2,9,1,10,55277
004563287A91,0,4,5,6,3,2,8,7,10,9,1,55279
00435267198A,0,4,3,5,2,6,7,1,9,8,10,55279
00452763891A,0,4,5,2,7,6,3,8,9,1,10,55282
00536278491A,0,5,3,6,2,7,8,4,9,1,10,55300
00456312879A,0,4,5,6,3,1,2,8,7,9,10,55302
00356247981A,0,3,5,6,2,4,7,9,8,1,10,55303
00234657981A,0,2,3,4,6,5,7,9,8,1,10,55307
00436572189A,0,4,3,6,5,7,2,1,8,9,10,55317
0034651289A7,0,3,4,6,5,1,2,8,9,10,7,55340
00245368791A,0,2,4,5,3,6,8,7,9,1,10,55361
00536472981A,0,5,3,6,4,7,2,9,8,1,10,55363
00325768491A,0,3,2,5,7,6,8,4,9,1,10,55365
0035672498A1,0,3,5,6,7,2,4,9,8,10,1,55367
0023657849A1,0,2,3,6,5,7,8,4,9,10,1,55369
00531264798A,0,5,3,1,2,6,4,7,9,8,10,55369
00346587921A,0,3,4,6,5,8,7,9,2,1,10,55370
0042573689A1,0,4,2,5,7,3,6,8,9,10,1,55373
00352174698A,0,3,5,2,1,7,4,6,9,8,10,55373
00125674893A,0,1,2,5,6,7,4,8,9,3,10,55384
00246357891A,0,2,4,6,3,5,7,8,9,1,10,55391
00436785219A,0,4,3,6,7,8,5,2,1,9,10,55393
00351674829A,0,3,5,1,6,7,4,8,2,9,10,55396
00251643897A,0,2,5,1,6,4,3,8,9,7,10,55397
0053674281A9,0,5,3,6,7,4,2,8,1,10,9,55402
00324658719A,0,3,2,4,6,5,8,7,1,9,10,55405
0052136784A9,0,5,2,1,3,6,7,8,4,10,9,55406
0041367829A5,0,4,1,3,6,7,8,2,9,10,5,55416
0032516789A4,0,3,2,5,1,6,7,8,9,10,4,55444
00426735891A,0,4,2,6,7,3,5,8,9,1,10,55450
00456237981A,0,4,5,6,2,3,7,9,8,1,10,55452
00536427891A,0,5,3,6,4,2,7,8,9,1,10,55454
0042637598A1,0,4,2,6,3,7,5,9,8,10,1,55457
0052643789A1,0,5,2,6,4,3,7,8,9,10,1,55458
0054368297A1,0,5,4,3,6,8,2,9,7,10,1,55465
00354672819A,0,3,5,4,6,7,2,8,1,9,10,55474
00243657198A,0,2,4,3,6,5,7,1,9,8,10,55479
00526748391A,0,5,2,6,7,4,8,3,9,1,10,55487
0043615289A7,0,4,3,6,1,5,2,8,9,10,7,55516
00245736198A,0,2,4,5,7,3,6,1,9,8,10,55540
00436728951A,0,4,3,6,7,2,8,9,5,1,10,55542
00245763981A,0,2,4,5,7,6,3,9,8,1,10,55546
0042357689A1,0,4,2,3,5,7,6,8,9,10,1,55547
00235174698A,0,2,3,5,1,7,4,6,9,8,10,55548
0045273691A8,0,4,5,2,7,3,6,9,1,10,8,55549
0043657892A1,0,4,3,6,5,7,8,9,2,10,1,55549
00254768913A,0,2,5,4,7,6,8,9,1,3,10,55550
0053267849A1,0,5,3,2,6,7,8,4,9,10,1,55555
00546278391A,0,5,4,6,2,7,8,3,9,1,10,55571
00453268791A,0,4,5,3,2,6,8,7,9,1,10,55575
00235617489A,0,2,3,5,6,1,7,4,8,9,10,55577
00236578914A,0,2,3,6,5,7,8,9,1,4,10,55579
00425738916A,0,4,2,5,7,3,8,9,1,6,10,55581
0031465278A9,0,3,1,4,6,5,2,7,8,10,9,55582
00456738921A,0,4,5,6,7,3,8,9,2,1,10,55583
0023547186A9,0,2,3,5,4,7,1,8,6,10,9,55584
0024651789A3,0,2,4,6,5,1,7,8,9,10,3,55586
00453267198A,0,4,5,3,2,6,7,1,9,8,10,55630
0023567489A1,0,2,3,5,6,7,4,8,9,10,1,55637
0043657829A1,0,4,3,6,5,7,8,2,9,10,1,55637
0045637892A1,0,4,5,6,3,7,8,9,2,10,1,55640
00542768931A,0,5,4,2,7,6,8,9,3,1,10,55658
00546327981A,0,5,4,6,3,2,7,9,8,1,10,55663
00526473819A,0,5,2,6,4,7,3,8,1,9,10,55665
00452678931A,0,4,5,2,6,7,8,9,3,1,10,55669
00325671894A,0,3,2,5,6,7,1,8,9,4,10,55671
0053647281A9,0,5,3,6,4,7,2,8,1,10,9,55672
0041567289A3,0,4,1,5,6,7,2,8,9,10,3,55673
0043675128A9,0,4,3,6,7,5,1,2,8,10,9,55675
00324678591A,0,3,2,4,6,7,8,5,9,1,10,55676
00452168739A,0,4,5,2,1,6,8,7,3,9,10,55678
0054167823A9,0,5,4,1,6,7,8,2,3,10,9,55687
0034578219A6,0,3,4,5,7,8,2,1,9,10,6,55692
00526378419A,0,5,2,6,3,7,8,4,1,9,10,55720
00456378291A,0,4,5,6,3,7,8,2,9,1,10,55722
00423678591A,0,4,2,3,6,7,8,5,9,1,10,55725
0052673489A1,0,5,2,6,7,3,4,8,9,10,1,55726
0035467829A1,0,3,5,4,6,7,8,2,9,10,1,55727
00546317892A,0,5,4,6,3,1,7,8,9,2,10,55727
00546378219A,0,5,4,6,3,7,8,2,1,9,10,55729
0056427839A1,0,5,6,4,2,7,8,3,9,10,1,55730
0032675819A4,0,3,2,6,7,5,8,1,9,10,4,55732
00536147892A,0,5,3,6,1,4,7,8,9,2,10,55755
00456327189A,0,4,5,6,3,2,7,1,8,9,10,55757
00254673981A,0,2,5,4,6,7,3,9,8,1,10,55759
00536127894A,0,5,3,6,1,2,7,8,9,4,10,55763
0023564187A9,0,2,3,5,6,4,1,8,7,10,9,55765
00326475981A,0,3,2,6,4,7,5,9,8,1,10,55765
0042657189A3,0,4,2,6,5,7,1,8,9,10,3,55771
0053612489A7,0,5,3,6,1,2,4,8,9,10,7,55787
00532471698A,0,5,3,2,4,7,1,6,9,8,10,55809
00452378691A,0,4,5,2,3,7,8,6,9,1,10,55813
00254617893A,0,2,5,4,6,1,7,8,9,3,10,55814
00342675981A,0,3,4,2,6,7,5,9,8,1,10,55816
0053674829A1,0,5,3,6,7,4,8,2,9,10,1,55817
0052467893A1,0,5,2,4,6,7,8,9,3,10,1,55818
00453716829A,0,4,5,3,7,1,6,8,2,9,10,55820
00435217869A,0,4,3,5,2,1,7,8,6,9,10,55822
0035467291A8,0,3,5,4,6,7,2,9,1,10,8,55823
0045368792A1,0,4,5,3,6,8,7,9,2,10,1,55825
0045263897A1,0,4,5,2,6,3,8,9,7,10,1,55832
00526738491A,0,5,2,6,7,3,8,4,9,1,10,55833
00542376891A,0,5,4,2,3,7,6,8,9,1,10,55836
00436752918A,0,4,3,6,7,5,2,9,1,8,10,55843
00436758291A,0,4,3,6,7,5,8,2,9,1,10,55846
00453628719A,0,4,5,3,6,2,8,7,1,9,10,55849
0014632785A9,0,1,4,6,3,2,7,8,5,10,9,55853
00245678391A,0,2,4,5,6,7,8,3,9,1,10,55853
0035462871A9,0,3,5,4,6,2,8,7,1,10,9,55855
0053462189A7,0,5,3,4,6,2,1,8,9,10,7,55875
00354172896A,0,3,5,4,1,7,2,8,9,6,10,55900
00254378961A,0,2,5,4,3,7,8,9,6,1,10,55903
00413265897A,0,4,1,3,2,6,5,8,9,7,10,55905
0025364897A1,0,2,5,3,6,4,8,9,7,10,1,55907
00346725981A,0,3,4,6,7,2,5,9,8,1,10,55907
0023564789A1,0,2,3,5,6,4,7,8,9,10,1,55910
0045632897A1,0,4,5,6,3,2,8,9,7,10,1,55911
00426573981A,0,4,2,6,5,7,3,9,8,1,10,55925
00315267498A,0,3,1,5,2,6,7,4,9,8,10,55928
00532674918A,0,5,3,2,6,7,4,9,1,8,10,55929
00436571289A,0,4,3,6,5,7,1,2,8,9,10,55935
00346572918A,0,3,4,6,5,7,2,9,1,8,10,55940
0053674281A9,0,5,3,6,7,4,2,8,1,10,9,55965
0043571869A2,0,4,3,5,7,1,8,6,9,10,2,55985
00465378291A,0,4,6,5,3,7,8,2,9,1,10,55990
00435621897A,0,4,3,5,6,2,1,8,9,7,10,55993
00124675893A,0,1,2,4,6,7,5,8,9,3,10,55995
0043657289A1,0,4,3,6,5,7,2,8,9,10,1,55998
0043578629A1,0,4,3,5,7,8,6,2,9,10,1,56000
0021547639A8,0,2,1,5,4,7,6,3,9,10,8,56003
00456378921A,0,4,5,6,3,7,8,9,2,1,10,56016
00342657918A,0,3,4,2,6,5,7,9,1,8,10,56018
00452167389A,0,4,5,2,1,6,7,3,8,9,10,56021
00345712896A,0,3,4,5,7,1,2,8,9,6,10,56023
00354678912A,0,3,5,4,6,7,8,9,1,2,10,56027
0025467189A3,0,2,5,4,6,7,1,8,9,10,3,56029
0052467189A3,0,5,2,4,6,7,1,8,9,10,3,56039
0041563789A2,0,4,1,5,6,3,7,8,9,10,2,56076
00453167892A,0,4,5,3,1,6,7,8,9,2,10,56080
00436521897A,0,4,3,6,5,2,1,8,9,7,10,56083
0015637289A4,0,1,5,6,3,7,2,8,9,10,4,56084
0045267839A1,0,4,5,2,6,7,8,3,9,10,1,56087
0045237869A1,0,4,5,2,3,7,8,6,9,10,1,56087
0045327698A1,0,4,5,3,2,7,6,9,8,10,1,56090
0043267859A1,0,4,3,2,6,7,8,5,9,10,1,56093
0032476589A1,0,3,2,4,7,6,5,8,9,10,1,56093
0032614759A8,0,3,2,6,1,4,7,5,9,10,8,56094
00354728691A,0,3,5,4,7,2,8,6,9,1,10,56107
00356217894A,0,3,5,6,2,1,7,8,9,4,10,56109
00356247981A,0,3,5,6,2,4,7,9,8,1,10,56112
00562734981A,0,5,6,2,7,3,4,9,8,1,10,56118
00243678591A,0,2,4,3,6,7,8,5,9,1,10,56120
0054637218A9,0,5,4,6,3,7,2,1,8,10,9,56122
00413258769A,0,4,1,3,2,5,8,7,6,9,10,56122
0042673185A9,0,4,2,6,7,3,1,8,5,10,9,56125
0034678291A5,0,3,4,6,7,8,2,9,1,10,5,56136
0045673891A2,0,4,5,6,7,3,8,9,1,10,2,56167
00546321879A,0,5,4,6,3,2,1,8,7,9,10,56170
00416237589A,0,4,1,6,2,3,7,5,8,9,10,56172
00456372981A,0,4,5,6,3,7,2,9,8,1,10,56174
0045263789A1,0,4,5,2,6,3,7,8,9,10,1,56177
00356417982A,0,3,5,6,4,1,7,9,8,2,10,56177
0025364879A1,0,2,5,3,6,4,8,7,9,10,1,56178
0031462759A8,0,3,1,4,6,2,7,5,9,10,8,56179
00215463798A,0,2,1,5,4,6,3,7,9,8,10,56181
00543761892A,0,5,4,3,7,6,1,8,9,2,10,56197
00453672918A,0,4,5,3,6,7,2,9,1,8,10,56210
00345217698A,0,3,4,5,2,1,7,6,9,8,10,56211
0051342867A9,0,5,1,3,4,2,8,6,7,10,9,56212
00345672198A,0,3,4,5,6,7,2,1,9,8,10,56213
0042367851A9,0,4,2,3,6,7,8,5,1,10,9,56215
0043657218A9,0,4,3,6,5,7,2,1,8,10,9,56218
0045627813A9,0,4,5,6,2,7,8,1,3,10,9,56222
00254361897A,0,2,5,4,3,6,1,8,9,7,10,56260
00245176893A,0,2,4,5,1,7,6,8,9,3,10,56263
00453628971A,0,4,5,3,6,2,8,9,7,1,10,56265
0043152769A8,0,4,3,1,5,2,7,6,9,10,8,56266
00532167498A,0,5,3,2,1,6,7,4,9,8,10,56266
0032547689A1,0,3,2,5,4,7,6,8,9,10,1,56269
00453678219A,0,4,5,3,6,7,8,2,1,9,10,56271
0032645897A1,0,3,2,6,4,5,8,9,7,10,1,56275
003452678A91,0,3,4,5,2,6,7,8,10,9,1,56278
00452618397A,0,4,5,2,6,1,8,3,9,7,10,56291
00456738921A,0,4,5,6,7,3,8,9,2,1,10,56294
00436528719A,0,4,3,6,5,2,8,7,1,9,10,56296
00324658719A,0,3,2,4,6,5,8,7,1,9,10,56298
00514673829A,0,5,1,4,6,7,3,8,2,9,10,56300
00325478691A,0,3,2,5,4,7,8,6,9,1,10,56302
00536472198A,0,5,3,6,4,7,2,1,9,8,10,56305
0053274618A9,0,5,3,2,7,4,6,1,8,10,9,56320
0045371689A2,0,4,5,3,7,1,6,8,9,10,2,56349
00345276981A,0,3,4,5,2,7,6,9,8,1,10,56351
00465382791A,0,4,6,5,3,8,2,7,9,1,10,56353
00356478291A,0,3,5,6,4,7,8,2,9,1,10,56355
00256738194A,0,2,5,6,7,3,8,1,9,4,10,56359
0043625879A1,0,4,3,6,2,5,8,7,9,10,1,56359
00365278491A,0,3,6,5,2,7,8,4,9,1,10,56362
00356278419A,0,3,5,6,2,7,8,4,1,9,10,56378
00453268719A,0,4,5,3,2,6,8,7,1,9,10,56381
00265781439A,0,2,6,5,7,8,1,4,3,9,10,56388
00453612879A,0,4,5,3,6,1,2,8,7,9,10,56390
0043527816A9,0,4,3,5,2,7,8,1,6,10,9,56392
00324517896A,0,3,2,4,5,1,7,8,9,6,10,56392
00542368791A,0,5,4,2,3,6,8,7,9,1,10,56393
0041256783A9,0,4,1,2,5,6,7,8,3,10,9,56394
00253678491A,0,2,5,3,6,7,8,4,9,1,10,56395
00546728931A,0,5,4,6,7,2,8,9,3,1,10,56440
00456372198A,0,4,5,6,3,7,2,1,9,8,10,56442
00432657198A,0,4,3,2,6,5,7,1,9,8,10,56445
00432678591A,0,4,3,2,6,7,8,5,9,1,10,56447
0045678239A1,0,4,5,6,7,8,2,3,9,10,1,56448
0054368729A1,0,5,4,3,6,8,7,2,9,10,1,56450
00421567389A,0,4,2,1,5,6,7,3,8,9,10,56450
00546328791A,0,5,4,6,3,2,8,7,9,1,10,56454
00463578291A,0,4,6,3,5,7,8,2,9,1,10,56456
00435167829A,0,4,3,5,1,6,7,8,2,9,10,56459
00356148279A,0,3,5,6,1,4,8,2,7,9,10,56461
00524638791A,0,5,2,4,6,3,8,7,9,1,10,56464
00356248791A,0,3,5,6,2,4,8,7,9,1,10,56467
00436527891A,0,4,3,6,5,2,7,8,9,1,10,56469
00352167498A,0,3,5,2,1,6,7,4,9,8,10,56473
0013265789A4,0,1,3,2,6,5,7,8,9,10,4,56476
00463758219A,0,4,6,3,7,5,8,2,1,9,10,56476
00425678319A,0,4,2,5,6,7,8,3,1,9,10,56479
00532476891A,0,5,3,2,4,7,6,8,9,1,10,56486
0045231789A6,0,4,5,2,3,1,7,8,9,10,6,56510
0015436789A2,0,1,5,4,3,6,7,8,9,10,2,56511
00416378592A,0,4,1,6,3,7,8,5,9,2,10,56530
00125476839A,0,1,2,5,4,7,6,8,3,9,10,56532
00426153798A,0,4,2,6,1,5,3,7,9,8,10,56534
0034615789A2,0,3,4,6,1,5,7,8,9,10,2,56536
0054267893A1,0,5,4,2,6,7,8,9,3,10,1,56537
0045637289A1,0,4,5,6,3,7,2,8,9,10,1,56538
00453672981A,0,4,5,3,6,7,2,9,8,1,10,56538
0024573869A1,0,2,4,5,7,3,8,6,9,10,1,56541
0035647289A1,0,3,5,6,4,7,2,8,9,10,1,56543
0042567389A1,0,4,2,5,6,7,3,8,9,10,1,56546
00456278193A,0,4,5,6,2,7,8,1,9,3,10,56551
00542678391A,0,5,4,2,6,7,8,3,9,1,10,56555
00345628791A,0,3,4,5,6,2,8,7,9,1,10,56563
00451673892A,0,4,5,1,6,7,3,8,9,2,10,56572
00453762198A,0,4,5,3,7,6,2,1,9,8,10,56573
00354276198A,0,3,5,4,2,7,6,1,9,8,10,56619
00546372891A,0,5,4,6,3,7,2,8,9,1,10,56622
00453278691A,0,4,5,3,2,7,8,6,9,1,10,56625
0053674829A1,0,5,3,6,7,4,8,2,9,10,1,56627
0045628379A1,0,4,5,6,2,8,3,7,9,10,1,56628
0051234769A8,0,5,1,2,3,4,7,6,9,10,8,56631
0045326879A1,0,4,5,3,2,6,8,7,9,10,1,56634
0052467893A1,0,5,2,4,6,7,8,9,3,10,1,56634
00432176598A,0,4,3,2,1,7,6,5,9,8,10,56654
00456273891A,0,4,5,6,2,7,3,8,9,1,10,56656
00456738192A,0,4,5,6,7,3,8,1,9,2,10,56658
00356724891A,0,3,5,6,7,2,4,8,9,1,10,56659
00346578192A,0,3,4,6,5,7,8,1,9,2,10,56661
0045362718A9,0,4,5,3,6,2,7,1,8,10,9,56662
00456127398A,0,4,5,6,1,2,7,3,9,8,10,56664
00356472891A,0,3,5,6,4,7,2,8,9,1,10,56710
00456178293A,0,4,5,6,1,7,8,2,9,3,10,56712
00452761398A,0,4,5,2,7,6,1,3,9,8,10,56717
0023457869A1,0,2,3,4,5,7,8,6,9,10,1,56717
0043675829A1,0,4,3,6,7,5,8,2,9,10,1,56718
00354618279A,0,3,5,4,6,1,8,2,7,9,10,56718
00456732819A,0,4,5,6,7,3,2,8,1,9,10,56721
0025637849A1,0,2,5,6,3,7,8,4,9,10,1,56724
0035467821A9,0,3,5,4,6,7,8,2,1,10,9,56752
